{
  "loss": [
    0.4187527000904083,
    0.14825715124607086,
    0.14212912321090698,
    0.12147508561611176,
    0.1041976734995842,
    0.10707833617925644,
    0.09654289484024048,
    0.08762490749359131,
    0.0813094973564148,
    0.07922054082155228,
    0.0737261176109314,
    0.07881215959787369,
    0.06402651220560074,
    0.05969362333416939,
    0.05565555766224861,
    0.05169731006026268,
    0.05100168287754059,
    0.05144516006112099,
    0.05189166218042374
  ],
  "navigation_loss": [
    0.16526685655117035,
    0.0623323880136013,
    0.07113853842020035,
    0.05200553312897682,
    0.036511391401290894,
    0.04052785038948059,
    0.03571867197751999,
    0.030175812542438507,
    0.030855001881718636,
    0.029213765636086464,
    0.026648351922631264,
    0.028117209672927856,
    0.020439045503735542,
    0.018144747242331505,
    0.017054973170161247,
    0.014915160834789276,
    0.012770414352416992,
    0.01531722117215395,
    0.01613064669072628
  ],
  "navigation_mae": [
    0.32821014523506165,
    0.18933837115764618,
    0.2012615203857422,
    0.17965565621852875,
    0.14817146956920624,
    0.15646480023860931,
    0.14664222300052643,
    0.13422217965126038,
    0.13198727369308472,
    0.12851016223430634,
    0.11520031094551086,
    0.13006417453289032,
    0.11287498474121094,
    0.10581871122121811,
    0.09854210168123245,
    0.09490104019641876,
    0.0862274020910263,
    0.09705998003482819,
    0.0996013656258583
  ],
  "obstacle_grid_accuracy": [
    0.029411764815449715,
    0.04117647185921669,
    0.03529411926865578,
    0.04117647185921669,
    0.05882352963089943,
    0.04117647185921669,
    0.052941177040338516,
    0.06470588594675064,
    0.10000000149011612,
    0.07647059112787247,
    0.10000000149011612,
    0.10000000149011612,
    0.11764705926179886,
    0.1411764770746231,
    0.14705882966518402,
    0.15294118225574493,
    0.1352941244840622,
    0.14705882966518402,
    0.1352941244840622
  ],
  "obstacle_grid_loss": [
    0.44896599650382996,
    0.19018761813640594,
    0.14653930068016052,
    0.1409446746110916,
    0.11860226839780807,
    0.1342228204011917,
    0.11727813631296158,
    0.11796340346336365,
    0.09964030236005783,
    0.09814271330833435,
    0.09080658107995987,
    0.1088397428393364,
    0.08162133395671844,
    0.0796889141201973,
    0.08171994984149933,
    0.0756191536784172,
    0.0804717019200325,
    0.06806819885969162,
    0.06408583372831345
  ],
  "val_loss": [
    0.4690379500389099,
    0.455429345369339,
    0.4407903254032135,
    0.3998985290527344,
    0.37104326486587524,
    0.36115047335624695,
    0.3428812623023987,
    0.31133538484573364,
    0.2919556498527527,
    0.30500105023384094,
    0.31999412178993225,
    0.32695627212524414,
    0.32103073596954346,
    0.3489639163017273,
    0.34638291597366333,
    0.3375791311264038,
    0.341596782207489,
    0.33998697996139526,
    0.3272135853767395
  ],
  "val_navigation_loss": [
    0.16676297783851624,
    0.21111871302127838,
    0.22978448867797852,
    0.21421121060848236,
    0.200679212808609,
    0.19124257564544678,
    0.1859051138162613,
    0.16954967379570007,
    0.1691681146621704,
    0.17591476440429688,
    0.18257467448711395,
    0.19137993454933167,
    0.19177024066448212,
    0.2035520374774933,
    0.2028428018093109,
    0.19992993772029877,
    0.20418599247932434,
    0.20440250635147095,
    0.20096689462661743
  ],
  "val_navigation_mae": [
    0.34169986844062805,
    0.3287849426269531,
    0.34389162063598633,
    0.33596792817115784,
    0.32614925503730774,
    0.3310026228427887,
    0.33135852217674255,
    0.3388533592224121,
    0.3439989686012268,
    0.36266273260116577,
    0.38186123967170715,
    0.37892064452171326,
    0.37323611974716187,
    0.37611615657806396,
    0.37483662366867065,
    0.3715927302837372,
    0.37473055720329285,
    0.37171074748039246,
    0.3633790910243988
  ],
  "val_obstacle_grid_accuracy": [
    0.0,
    0.0,
    0.0,
    0.0,
    0.0,
    0.0,
    0.0,
    0.0,
    0.0,
    0.0,
    0.0,
    0.0,
    0.0,
    0.0,
    0.0,
    0.0,
    0.0,
    0.0,
    0.0
  ],
  "val_obstacle_grid_loss": [
    0.6045499444007874,
    0.48862117528915405,
    0.42201167345046997,
    0.3713746666908264,
    0.34072813391685486,
    0.3398158550262451,
    0.3139522671699524,
    0.28357142210006714,
    0.24557504057884216,
    0.25817257165908813,
    0.2748388946056366,
    0.27115267515182495,
    0.25852102041244507,
    0.29082372784614563,
    0.2870802581310272,
    0.27529841661453247,
    0.27482160925865173,
    0.27116891741752625,
    0.25249341130256653
  ],
  "learning_rate": [
    0.0010000000474974513,
    0.0010000000474974513,
    0.0010000000474974513,
    0.0010000000474974513,
    0.0010000000474974513,
    0.0010000000474974513,
    0.0010000000474974513,
    0.0010000000474974513,
    0.0010000000474974513,
    0.0010000000474974513,
    0.0010000000474974513,
    0.0010000000474974513,
    0.0010000000474974513,
    0.0010000000474974513,
    0.0005000000237487257,
    0.0005000000237487257,
    0.0005000000237487257,
    0.0005000000237487257,
    0.0005000000237487257
  ]
}