{
  "loss": [
    0.6256306767463684,
    0.29550692439079285,
    0.16931095719337463,
    0.13035644590854645,
    0.10839734971523285,
    0.08616482466459274,
    0.07612795382738113,
    0.07169651985168457,
    0.06848189234733582,
    0.06482580304145813,
    0.06181015819311142,
    0.06320615857839584
  ],
  "navigation_loss": [
    0.37179791927337646,
    0.19494299590587616,
    0.10936462879180908,
    0.07486743479967117,
    0.05891457200050354,
    0.041322801262140274,
    0.03984059393405914,
    0.031220704317092896,
    0.03502747789025307,
    0.031469933688640594,
    0.02840971015393734,
    0.0308555718511343
  ],
  "navigation_mae": [
    0.5061628222465515,
    0.37222322821617126,
    0.25269854068756104,
    0.2165897637605667,
    0.19532248377799988,
    0.15905341506004333,
    0.1508747786283493,
    0.14717376232147217,
    0.14370903372764587,
    0.13661538064479828,
    0.13296909630298615,
    0.1311844289302826
  ],
  "obstacle_grid_accuracy": [
    0.4058823585510254,
    0.17058824002742767,
    0.10000000149011612,
    0.11176470667123795,
    0.14705882966518402,
    0.12941177189350128,
    0.1764705926179886,
    0.1882352977991104,
    0.24117647111415863,
    0.21176470816135406,
    0.21764706075191498,
    0.21176470816135406
  ],
  "obstacle_grid_loss": [
    0.46660304069519043,
    0.17712713778018951,
    0.14707864820957184,
    0.11472298949956894,
    0.09683942794799805,
    0.08949627727270126,
    0.07831557840108871,
    0.073776476085186,
    0.07897618412971497,
    0.06870341300964355,
    0.07110720127820969,
    0.06711985915899277
  ],
  "val_loss": [
    0.6204563975334167,
    0.14726907014846802,
    0.22099097073078156,
    0.27076971530914307,
    0.23315000534057617,
    0.24017903208732605,
    0.27624231576919556,
    0.27218103408813477,
    0.26489752531051636,
    0.26727086305618286,
    0.2844742238521576,
    0.282705694437027
  ],
  "val_navigation_loss": [
    0.4982425272464752,
    0.054551128298044205,
    0.10961965471506119,
    0.13077375292778015,
    0.06672113388776779,
    0.055803004652261734,
    0.07918326556682587,
    0.07535560429096222,
    0.07244417816400528,
    0.07730048149824142,
    0.09374935179948807,
    0.0994720533490181
  ],
  "val_navigation_mae": [
    0.6032041907310486,
    0.16787108778953552,
    0.2783152759075165,
    0.3122672736644745,
    0.2003631293773651,
    0.18785621225833893,
    0.240558460354805,
    0.23217728734016418,
    0.23619921505451202,
    0.2451370507478714,
    0.27290377020835876,
    0.2830296456813812
  ],
  "val_obstacle_grid_accuracy": [
    0.06666667014360428,
    0.06666667014360428,
    0.0,
    0.13333334028720856,
    0.13333334028720856,
    0.10000000149011612,
    0.06666667014360428,
    0.03333333507180214,
    0.03333333507180214,
    0.03333333507180214,
    0.06666667014360428,
    0.10000000149011612
  ],
  "val_obstacle_grid_loss": [
    0.24442775547504425,
    0.18543589115142822,
    0.22274263203144073,
    0.27999189496040344,
    0.33285775780677795,
    0.36875206232070923,
    0.394118070602417,
    0.3936508297920227,
    0.38490667939186096,
    0.3799407482147217,
    0.38144972920417786,
    0.36646726727485657
  ],
  "learning_rate": [
    0.0010000000474974513,
    0.0010000000474974513,
    0.0010000000474974513,
    0.0010000000474974513,
    0.0010000000474974513,
    0.0010000000474974513,
    0.0010000000474974513,
    0.0005000000237487257,
    0.0005000000237487257,
    0.0005000000237487257,
    0.0005000000237487257,
    0.0005000000237487257
  ]
}